Index1,Index2,peak_cc,peak_mad_mult,peak_width,peak_prominence,win_id_1,win_id_2,group_idx
19758241,19760880,0.949500381947,14.3539943309,266.164927583,0.311842679977,1,2,0
19760880,19758241,0.949500381947,14.3539943309,242.592412684,0.26652944088,2,1,0
19763746,19758259,0.936266601086,14.1539337316,276.02108093,0.288423657417,3,1,0
20964379,6342913,0.936985611916,14.1648033189,75.2198127843,0.265496432781,4,0,1
21599807,21599839,0.999999642372,15.1174127682,765.054054055,1.13248825073e-05,5,5,2
21599839,21599807,0.999999642372,15.1174127682,765.054054055,1.13248825073e-05,5,5,2
