Index1,Index2,peak_cc,peak_mad_mult,peak_width,peak_prominence,win_id_1,win_id_2,group_idx
1476927,5407334,0.995819509029,15.4154471675,1025.36861442,0.327392578125,0,1,0
13567385,5407334,0.985366880894,15.2536387922,307.461743154,0.312190175056,2,1,0
17720441,5407334,0.99858880043,15.4583162466,162.715223711,0.320678889751,3,1,0
